form_id,id,parcelBarcode,scanned_at
inbound,jK9e92zTQmyXz7oIdmrN9dAxThGFcrIE,migrations,2025-08-08T00:46:56.834Z
inbound,mDeqGjsuyTE1WLtwFbdm7aj7wlag2Shw,AuthProvider,2025-08-08T00:46:58.371Z
inbound,m037VgafJKI46rtDi1PnlS8JnrAWjCFC,AdminProvider,2025-08-08T00:46:59.811Z
inbound,y974AeMInaMx1vOZUSKwYpCK52MNKLsL,StyleSheet,2025-08-08T00:47:03.669Z
inbound,KOdfyX4qita6Alw1Hyi9Pz87wpK6Ywfw,ActivityIndicator,2025-08-08T00:47:05.641Z
inbound,hMwX3fJ3YW1YNWp5pvqYxy91c45W0BeB,import,2025-08-08T00:47:07.473Z
inbound,07VsxOqYrLn2GCFtrpgaLmXHU4310QGz,SQLiteProvider,2025-08-08T00:47:09.176Z
inbound,iqgP9lMSUkX7e2Uc7MNLu8YhB72YQVUu,Suspense,2025-08-08T00:47:10.814Z
inbound,HM5UCFaUqi04mxZJIGQuYcfUAZzVCGVQ,useMigrations,2025-08-08T00:47:12.424Z
inbound,Igw2xK8eJdCIcgeZe1RFZutiitrnJlPt,migrator,2025-08-08T00:47:15.955Z
